"state","age","sex","race",counts
"AZ","18-24","F","Black",872
"AZ","18-24","F","Asian",596
"AZ","18-24","F","White",36632
"AZ","18-24","F","Latino",33756
"AZ","18-24","F","Na-Am",1215
"AZ","18-24","F","Unk",4236
"AZ","18-24","M","Black",808
"AZ","18-24","M","Asian",504
"AZ","18-24","M","White",30994
"AZ","18-24","M","Latino",31043
"AZ","18-24","M","Na-Am",1109
"AZ","18-24","M","Unk",3496
"AZ","18-24","U","Black",1654
"AZ","18-24","U","Asian",670
"AZ","18-24","U","White",23275
"AZ","18-24","U","Latino",13757
"AZ","18-24","U","Na-Am",1481
"AZ","18-24","U","Unk",2925
"AZ","25-34","F","Black",2180
"AZ","25-34","F","Asian",725
"AZ","25-34","F","White",72597
"AZ","25-34","F","Latino",47828
"AZ","25-34","F","Na-Am",3510
"AZ","25-34","F","Unk",7023
"AZ","25-34","M","Black",1667
"AZ","25-34","M","Asian",659
"AZ","25-34","M","White",61538
"AZ","25-34","M","Latino",39549
"AZ","25-34","M","Na-Am",2918
"AZ","25-34","M","Unk",5584
"AZ","25-34","U","Black",1473
"AZ","25-34","U","Asian",447
"AZ","25-34","U","White",14030
"AZ","25-34","U","Latino",6114
"AZ","25-34","U","Na-Am",1339
"AZ","25-34","U","Unk",2186
"AZ","35-49","F","Black",2759
"AZ","35-49","F","Asian",1072
"AZ","35-49","F","White",94029
"AZ","35-49","F","Latino",46471
"AZ","35-49","F","Na-Am",4232
"AZ","35-49","F","Unk",8988
"AZ","35-49","M","Black",1867
"AZ","35-49","M","Asian",822
"AZ","35-49","M","White",68436
"AZ","35-49","M","Latino",34633
"AZ","35-49","M","Na-Am",3235
"AZ","35-49","M","Unk",6514
"AZ","35-49","U","Black",1080
"AZ","35-49","U","Asian",658
"AZ","35-49","U","White",8883
"AZ","35-49","U","Latino",2940
"AZ","35-49","U","Na-Am",754
"AZ","35-49","U","Unk",1915
"AZ","50-64","F","Black",2325
"AZ","50-64","F","Asian",856
"AZ","50-64","F","White",108436
"AZ","50-64","F","Latino",35785
"AZ","50-64","F","Na-Am",4191
"AZ","50-64","F","Unk",7799
"AZ","50-64","M","Black",1597
"AZ","50-64","M","Asian",739
"AZ","50-64","M","White",71787
"AZ","50-64","M","Latino",30652
"AZ","50-64","M","Na-Am",3027
"AZ","50-64","M","Unk",5729
"AZ","50-64","U","Black",426
"AZ","50-64","U","Asian",448
"AZ","50-64","U","White",4747
"AZ","50-64","U","Latino",1398
"AZ","50-64","U","Na-Am",218
"AZ","50-64","U","Unk",1117
"AZ","65+","F","Black",1591
"AZ","65+","F","Asian",486
"AZ","65+","F","White",132101
"AZ","65+","F","Latino",25507
"AZ","65+","F","Na-Am",2704
"AZ","65+","F","Unk",6050
"AZ","65+","M","Black",1050
"AZ","65+","M","Asian",436
"AZ","65+","M","White",86431
"AZ","65+","M","Latino",22538
"AZ","65+","M","Na-Am",1811
"AZ","65+","M","Unk",4559
"AZ","65+","U","Black",201
"AZ","65+","U","Asian",251
"AZ","65+","U","White",3682
"AZ","65+","U","Latino",874
"AZ","65+","U","Na-Am",91
"AZ","65+","U","Unk",716
"AZ","Unk","F","Black",47
"AZ","Unk","F","Asian",49
"AZ","Unk","F","White",2124
"AZ","Unk","F","Latino",2175
"AZ","Unk","F","Na-Am",31
"AZ","Unk","F","Unk",247
"AZ","Unk","M","Black",38
"AZ","Unk","M","Asian",37
"AZ","Unk","M","White",1464
"AZ","Unk","M","Latino",1768
"AZ","Unk","M","Na-Am",28
"AZ","Unk","M","Unk",179
"AZ","Unk","U","Black",120
"AZ","Unk","U","Asian",71
"AZ","Unk","U","White",1565
"AZ","Unk","U","Latino",1241
"AZ","Unk","U","Na-Am",52
"AZ","Unk","U","Unk",204
"FL","18-24","F","Black",83370
"FL","18-24","F","Asian",8563
"FL","18-24","F","White",91004
"FL","18-24","F","Latino",77370
"FL","18-24","F","Na-Am",924
"FL","18-24","F","Unk",15054
"FL","18-24","M","Black",68475
"FL","18-24","M","Asian",6139
"FL","18-24","M","White",60358
"FL","18-24","M","Latino",58855
"FL","18-24","M","Na-Am",770
"FL","18-24","M","Unk",11064
"FL","18-24","U","Black",4057
"FL","18-24","U","Asian",405
"FL","18-24","U","White",2462
"FL","18-24","U","Latino",1549
"FL","18-24","U","Na-Am",31
"FL","18-24","U","Unk",924
"FL","25-34","F","Black",170608
"FL","25-34","F","Asian",11684
"FL","25-34","F","White",176069
"FL","25-34","F","Latino",131172
"FL","25-34","F","Na-Am",1619
"FL","25-34","F","Unk",18703
"FL","25-34","M","Black",119694
"FL","25-34","M","Asian",9188
"FL","25-34","M","White",125612
"FL","25-34","M","Latino",94757
"FL","25-34","M","Na-Am",1145
"FL","25-34","M","Unk",13589
"FL","25-34","U","Black",1813
"FL","25-34","U","Asian",265
"FL","25-34","U","White",859
"FL","25-34","U","Latino",1011
"FL","25-34","U","Na-Am",16
"FL","25-34","U","Unk",511
"FL","35-49","F","Black",211353
"FL","35-49","F","Asian",16175
"FL","35-49","F","White",216947
"FL","35-49","F","Latino",151840
"FL","35-49","F","Na-Am",1837
"FL","35-49","F","Unk",19119
"FL","35-49","M","Black",132745
"FL","35-49","M","Asian",10518
"FL","35-49","M","White",144492
"FL","35-49","M","Latino",98682
"FL","35-49","M","Na-Am",1198
"FL","35-49","M","Unk",13392
"FL","35-49","U","Black",1067
"FL","35-49","U","Asian",275
"FL","35-49","U","White",602
"FL","35-49","U","Latino",840
"FL","35-49","U","Na-Am",9
"FL","35-49","U","Unk",359
"FL","50-64","F","Black",199904
"FL","50-64","F","Asian",13241
"FL","50-64","F","White",299614
"FL","50-64","F","Latino",125204
"FL","50-64","F","Na-Am",2254
"FL","50-64","F","Unk",16304
"FL","50-64","M","Black",135709
"FL","50-64","M","Asian",9319
"FL","50-64","M","White",195854
"FL","50-64","M","Latino",85709
"FL","50-64","M","Na-Am",1478
"FL","50-64","M","Unk",11568
"FL","50-64","U","Black",545
"FL","50-64","U","Asian",190
"FL","50-64","U","White",343
"FL","50-64","U","Latino",324
"FL","50-64","U","Na-Am",5
"FL","50-64","U","Unk",213
"FL","65+","F","Black",144539
"FL","65+","F","Asian",8875
"FL","65+","F","White",447851
"FL","65+","F","Latino",96414
"FL","65+","F","Na-Am",2133
"FL","65+","F","Unk",13765
"FL","65+","M","Black",94584
"FL","65+","M","Asian",6693
"FL","65+","M","White",283177
"FL","65+","M","Latino",62434
"FL","65+","M","Na-Am",1313
"FL","65+","M","Unk",9348
"FL","65+","U","Black",296
"FL","65+","U","Asian",102
"FL","65+","U","White",233
"FL","65+","U","Latino",212
"FL","65+","U","Na-Am",3
"FL","65+","U","Unk",123
"FL","Unk","F","Black",4500
"FL","Unk","F","Asian",680
"FL","Unk","F","White",5110
"FL","Unk","F","Latino",4325
"FL","Unk","F","Na-Am",45
"FL","Unk","F","Unk",967
"FL","Unk","M","Black",3676
"FL","Unk","M","Asian",419
"FL","Unk","M","White",3160
"FL","Unk","M","Latino",3030
"FL","Unk","M","Na-Am",42
"FL","Unk","M","Unk",673
"FL","Unk","U","Black",391
"FL","Unk","U","Asian",32
"FL","Unk","U","White",204
"FL","Unk","U","Latino",116
"FL","Unk","U","Na-Am",4
"FL","Unk","U","Unk",86
"GA","18-24","F","Black",45010
"GA","18-24","F","Asian",2023
"GA","18-24","F","White",16598
"GA","18-24","F","Latino",4624
"GA","18-24","F","Na-Am",173
"GA","18-24","F","Unk",2753
"GA","18-24","M","Black",40126
"GA","18-24","M","Asian",1394
"GA","18-24","M","White",11133
"GA","18-24","M","Latino",3390
"GA","18-24","M","Na-Am",168
"GA","18-24","M","Unk",2033
"GA","18-24","U","Black",153
"GA","18-24","U","Asian",13
"GA","18-24","U","White",24
"GA","18-24","U","Latino",5
"GA","18-24","U","Na-Am",1
"GA","18-24","U","Unk",8
"GA","25-34","F","Black",104678
"GA","25-34","F","Asian",3733
"GA","25-34","F","White",47024
"GA","25-34","F","Latino",6292
"GA","25-34","F","Na-Am",332
"GA","25-34","F","Unk",6060
"GA","25-34","M","Black",77233
"GA","25-34","M","Asian",2810
"GA","25-34","M","White",33044
"GA","25-34","M","Latino",4203
"GA","25-34","M","Na-Am",336
"GA","25-34","M","Unk",4155
"GA","25-34","U","Black",72
"GA","25-34","U","Asian",11
"GA","25-34","U","White",11
"GA","25-34","U","Latino",1
"GA","25-34","U","Unk",8
"GA","35-49","F","Black",173556
"GA","35-49","F","Asian",4963
"GA","35-49","F","White",58443
"GA","35-49","F","Latino",6095
"GA","35-49","F","Na-Am",398
"GA","35-49","F","Unk",6987
"GA","35-49","M","Black",106857
"GA","35-49","M","Asian",3222
"GA","35-49","M","White",37751
"GA","35-49","M","Latino",3424
"GA","35-49","M","Na-Am",312
"GA","35-49","M","Unk",3971
"GA","35-49","U","Black",48
"GA","35-49","U","Asian",4
"GA","35-49","U","White",13
"GA","35-49","U","Latino",1
"GA","35-49","U","Unk",3
"GA","50-64","F","Black",179003
"GA","50-64","F","Asian",3881
"GA","50-64","F","White",63659
"GA","50-64","F","Latino",4254
"GA","50-64","F","Na-Am",348
"GA","50-64","F","Unk",4657
"GA","50-64","M","Black",119978
"GA","50-64","M","Asian",2915
"GA","50-64","M","White",41879
"GA","50-64","M","Latino",3281
"GA","50-64","M","Na-Am",251
"GA","50-64","M","Unk",2895
"GA","50-64","U","Black",32
"GA","50-64","U","Asian",9
"GA","50-64","U","White",8
"GA","50-64","U","Latino",1
"GA","50-64","U","Na-Am",1
"GA","50-64","U","Unk",1
"GA","65+","F","Black",122249
"GA","65+","F","Asian",2483
"GA","65+","F","White",65949
"GA","65+","F","Latino",1688
"GA","65+","F","Na-Am",174
"GA","65+","F","Unk",2327
"GA","65+","M","Black",73690
"GA","65+","M","Asian",2037
"GA","65+","M","White",40282
"GA","65+","M","Latino",1345
"GA","65+","M","Na-Am",105
"GA","65+","M","Unk",1421
"GA","65+","U","Black",17
"GA","65+","U","Asian",3
"GA","65+","U","White",2
"GA","65+","U","Latino",1
"GA","65+","U","Unk",5
"GA","Unk","F","Black",2101
"GA","Unk","F","Asian",109
"GA","Unk","F","White",389
"GA","Unk","F","Latino",261
"GA","Unk","F","Na-Am",9
"GA","Unk","F","Unk",166
"GA","Unk","M","Black",1843
"GA","Unk","M","Asian",69
"GA","Unk","M","White",277
"GA","Unk","M","Latino",212
"GA","Unk","M","Na-Am",8
"GA","Unk","M","Unk",114
"GA","Unk","U","Black",16
"GA","Unk","U","Latino",2
"GA","Unk","U","Unk",1
"IA","18-24","F","Black",814
"IA","18-24","F","Asian",313
"IA","18-24","F","White",39450
"IA","18-24","F","Latino",1729
"IA","18-24","F","Na-Am",38
"IA","18-24","F","Unk",2731
"IA","18-24","M","Black",654
"IA","18-24","M","Asian",291
"IA","18-24","M","White",28895
"IA","18-24","M","Latino",1457
"IA","18-24","M","Na-Am",31
"IA","18-24","M","Unk",2049
"IA","25-34","F","Black",1494
"IA","25-34","F","Asian",366
"IA","25-34","F","White",62619
"IA","25-34","F","Latino",2085
"IA","25-34","F","Na-Am",66
"IA","25-34","F","Unk",3467
"IA","25-34","M","Black",923
"IA","25-34","M","Asian",289
"IA","25-34","M","White",44385
"IA","25-34","M","Latino",1497
"IA","25-34","M","Na-Am",50
"IA","25-34","M","Unk",2287
"IA","35-49","F","Black",1581
"IA","35-49","F","Asian",443
"IA","35-49","F","White",76116
"IA","35-49","F","Latino",1848
"IA","35-49","F","Na-Am",61
"IA","35-49","F","Unk",3404
"IA","35-49","M","Black",993
"IA","35-49","M","Asian",331
"IA","35-49","M","White",52131
"IA","35-49","M","Latino",1177
"IA","35-49","M","Na-Am",52
"IA","35-49","M","Unk",2091
"IA","50-64","F","Black",1319
"IA","50-64","F","Asian",410
"IA","50-64","F","White",81038
"IA","50-64","F","Latino",1152
"IA","50-64","F","Na-Am",58
"IA","50-64","F","Unk",2085
"IA","50-64","M","Black",959
"IA","50-64","M","Asian",334
"IA","50-64","M","White",54225
"IA","50-64","M","Latino",1213
"IA","50-64","M","Na-Am",55
"IA","50-64","M","Unk",1486
"IA","65+","F","Black",895
"IA","65+","F","Asian",265
"IA","65+","F","White",88279
"IA","65+","F","Latino",458
"IA","65+","F","Na-Am",40
"IA","65+","F","Unk",1184
"IA","65+","M","Black",566
"IA","65+","M","Asian",195
"IA","65+","M","White",57686
"IA","65+","M","Latino",520
"IA","65+","M","Na-Am",32
"IA","65+","M","Unk",836
"IA","Unk","F","Black",57
"IA","Unk","F","Asian",34
"IA","Unk","F","White",3302
"IA","Unk","F","Latino",139
"IA","Unk","F","Na-Am",2
"IA","Unk","F","Unk",187
"IA","Unk","M","Black",42
"IA","Unk","M","Asian",33
"IA","Unk","M","White",2287
"IA","Unk","M","Latino",110
"IA","Unk","M","Na-Am",2
"IA","Unk","M","Unk",148
"KS","18-24","F","Black",1389
"KS","18-24","F","Asian",279
"KS","18-24","F","White",17648
"KS","18-24","F","Latino",2839
"KS","18-24","F","Na-Am",44
"KS","18-24","F","Unk",1807
"KS","18-24","M","Black",1119
"KS","18-24","M","Asian",211
"KS","18-24","M","White",12180
"KS","18-24","M","Latino",2005
"KS","18-24","M","Na-Am",25
"KS","18-24","M","Unk",1190
"KS","18-24","U","Black",45
"KS","18-24","U","Asian",6
"KS","18-24","U","White",181
"KS","18-24","U","Latino",29
"KS","18-24","U","Unk",26
"KS","25-34","F","Black",2439
"KS","25-34","F","Asian",240
"KS","25-34","F","White",24814
"KS","25-34","F","Latino",2606
"KS","25-34","F","Na-Am",36
"KS","25-34","F","Unk",1905
"KS","25-34","M","Black",1657
"KS","25-34","M","Asian",185
"KS","25-34","M","White",18118
"KS","25-34","M","Latino",1707
"KS","25-34","M","Na-Am",32
"KS","25-34","M","Unk",1283
"KS","25-34","U","Black",8
"KS","25-34","U","Asian",2
"KS","25-34","U","White",34
"KS","25-34","U","Latino",4
"KS","25-34","U","Unk",13
"KS","35-49","F","Black",3452
"KS","35-49","F","Asian",397
"KS","35-49","F","White",34904
"KS","35-49","F","Latino",2756
"KS","35-49","F","Na-Am",56
"KS","35-49","F","Unk",2328
"KS","35-49","M","Black",2016
"KS","35-49","M","Asian",249
"KS","35-49","M","White",23002
"KS","35-49","M","Latino",1803
"KS","35-49","M","Na-Am",32
"KS","35-49","M","Unk",1451
"KS","35-49","U","Black",8
"KS","35-49","U","Asian",3
"KS","35-49","U","White",14
"KS","35-49","U","Latino",3
"KS","35-49","U","Unk",12
"KS","50-64","F","Black",3789
"KS","50-64","F","Asian",339
"KS","50-64","F","White",42013
"KS","50-64","F","Latino",2165
"KS","50-64","F","Na-Am",61
"KS","50-64","F","Unk",1763
"KS","50-64","M","Black",2550
"KS","50-64","M","Asian",261
"KS","50-64","M","White",27618
"KS","50-64","M","Latino",1965
"KS","50-64","M","Na-Am",44
"KS","50-64","M","Unk",1309
"KS","50-64","U","Black",2
"KS","50-64","U","Asian",1
"KS","50-64","U","White",5
"KS","50-64","U","Unk",1
"KS","65+","F","Black",3229
"KS","65+","F","Asian",167
"KS","65+","F","White",48447
"KS","65+","F","Latino",1421
"KS","65+","F","Na-Am",56
"KS","65+","F","Unk",1252
"KS","65+","M","Black",1876
"KS","65+","M","Asian",159
"KS","65+","M","White",30991
"KS","65+","M","Latino",1253
"KS","65+","M","Na-Am",22
"KS","65+","M","Unk",981
"KS","65+","U","Black",1
"KS","65+","U","White",2
"KS","65+","U","Unk",1
"KS","Unk","F","Black",68
"KS","Unk","F","Asian",28
"KS","Unk","F","White",1277
"KS","Unk","F","Latino",198
"KS","Unk","F","Na-Am",2
"KS","Unk","F","Unk",104
"KS","Unk","M","Black",54
"KS","Unk","M","Asian",16
"KS","Unk","M","White",659
"KS","Unk","M","Latino",121
"KS","Unk","M","Na-Am",1
"KS","Unk","M","Unk",71
"KS","Unk","U","Black",11
"KS","Unk","U","White",30
"KS","Unk","U","Latino",12
"KS","Unk","U","Unk",6
"KY","18-24","F","Black",1411
"KY","18-24","F","Asian",86
"KY","18-24","F","White",12753
"KY","18-24","F","Latino",107
"KY","18-24","F","Na-Am",1
"KY","18-24","F","Unk",521
"KY","18-24","M","Black",1170
"KY","18-24","M","Asian",69
"KY","18-24","M","White",9254
"KY","18-24","M","Latino",92
"KY","18-24","M","Na-Am",1
"KY","18-24","M","Unk",425
"KY","18-24","U","Black",2
"KY","18-24","U","Asian",1
"KY","18-24","U","White",3
"KY","25-34","F","Black",3767
"KY","25-34","F","Asian",76
"KY","25-34","F","White",26168
"KY","25-34","F","Latino",173
"KY","25-34","F","Na-Am",5
"KY","25-34","F","Unk",855
"KY","25-34","M","Black",2749
"KY","25-34","M","Asian",109
"KY","25-34","M","White",21851
"KY","25-34","M","Latino",108
"KY","25-34","M","Na-Am",1
"KY","25-34","M","Unk",603
"KY","25-34","U","Black",1
"KY","35-49","F","Black",6571
"KY","35-49","F","Asian",165
"KY","35-49","F","White",51621
"KY","35-49","F","Latino",253
"KY","35-49","F","Na-Am",6
"KY","35-49","F","Unk",1446
"KY","35-49","M","Black",3873
"KY","35-49","M","Asian",131
"KY","35-49","M","White",36759
"KY","35-49","M","Latino",160
"KY","35-49","M","Na-Am",9
"KY","35-49","M","Unk",907
"KY","35-49","U","Black",1
"KY","50-64","F","Black",7777
"KY","50-64","F","Asian",154
"KY","50-64","F","White",70934
"KY","50-64","F","Latino",167
"KY","50-64","F","Na-Am",10
"KY","50-64","F","Unk",1181
"KY","50-64","M","Black",4911
"KY","50-64","M","Asian",169
"KY","50-64","M","White",47789
"KY","50-64","M","Latino",132
"KY","50-64","M","Na-Am",9
"KY","50-64","M","Unk",796
"KY","65+","F","Black",7766
"KY","65+","F","Asian",84
"KY","65+","F","White",90892
"KY","65+","F","Latino",79
"KY","65+","F","Na-Am",6
"KY","65+","F","Unk",810
"KY","65+","M","Black",4049
"KY","65+","M","Asian",85
"KY","65+","M","White",56647
"KY","65+","M","Latino",51
"KY","65+","M","Na-Am",8
"KY","65+","M","Unk",475
"KY","65+","U","Black",2
"KY","65+","U","White",1
"KY","Unk","F","Black",92
"KY","Unk","F","Asian",14
"KY","Unk","F","White",1256
"KY","Unk","F","Latino",8
"KY","Unk","F","Unk",43
"KY","Unk","M","Black",78
"KY","Unk","M","Asian",7
"KY","Unk","M","White",679
"KY","Unk","M","Latino",5
"KY","Unk","M","Unk",32
"KY","Unk","U","White",7
"KY","Unk","U","Unk",1
"MI","18-24","F","Black",25342
"MI","18-24","F","Asian",2259
"MI","18-24","F","White",76537
"MI","18-24","F","Latino",3577
"MI","18-24","F","Na-Am",113
"MI","18-24","F","Unk",5548
"MI","18-24","M","Black",21726
"MI","18-24","M","Asian",1870
"MI","18-24","M","White",47829
"MI","18-24","M","Latino",2975
"MI","18-24","M","Na-Am",78
"MI","18-24","M","Unk",4106
"MI","18-24","U","Black",68
"MI","18-24","U","Asian",26
"MI","18-24","U","White",161
"MI","18-24","U","Latino",12
"MI","18-24","U","Unk",23
"MI","25-34","F","Black",63581
"MI","25-34","F","Asian",2961
"MI","25-34","F","White",179781
"MI","25-34","F","Latino",5292
"MI","25-34","F","Na-Am",231
"MI","25-34","F","Unk",11628
"MI","25-34","M","Black",53832
"MI","25-34","M","Asian",2664
"MI","25-34","M","White",117578
"MI","25-34","M","Latino",4188
"MI","25-34","M","Na-Am",134
"MI","25-34","M","Unk",8039
"MI","25-34","U","Black",24
"MI","25-34","U","Asian",9
"MI","25-34","U","White",47
"MI","25-34","U","Latino",4
"MI","25-34","U","Unk",9
"MI","35-49","F","Black",80431
"MI","35-49","F","Asian",4113
"MI","35-49","F","White",182087
"MI","35-49","F","Latino",6037
"MI","35-49","F","Na-Am",295
"MI","35-49","F","Unk",13106
"MI","35-49","M","Black",64926
"MI","35-49","M","Asian",3194
"MI","35-49","M","White",103329
"MI","35-49","M","Latino",4663
"MI","35-49","M","Na-Am",169
"MI","35-49","M","Unk",8097
"MI","35-49","U","Black",10
"MI","35-49","U","Asian",13
"MI","35-49","U","White",22
"MI","35-49","U","Latino",2
"MI","35-49","U","Unk",7
"MI","50-64","F","Black",83624
"MI","50-64","F","Asian",3645
"MI","50-64","F","White",191158
"MI","50-64","F","Latino",4783
"MI","50-64","F","Na-Am",278
"MI","50-64","F","Unk",9799
"MI","50-64","M","Black",64370
"MI","50-64","M","Asian",3447
"MI","50-64","M","White",99085
"MI","50-64","M","Latino",3983
"MI","50-64","M","Na-Am",158
"MI","50-64","M","Unk",5924
"MI","50-64","U","Black",2
"MI","50-64","U","Asian",7
"MI","50-64","U","White",14
"MI","50-64","U","Unk",5
"MI","65+","F","Black",68253
"MI","65+","F","Asian",1987
"MI","65+","F","White",179196
"MI","65+","F","Latino",2793
"MI","65+","F","Na-Am",195
"MI","65+","F","Unk",6236
"MI","65+","M","Black",42417
"MI","65+","M","Asian",1764
"MI","65+","M","White",93860
"MI","65+","M","Latino",2107
"MI","65+","M","Na-Am",141
"MI","65+","M","Unk",3620
"MI","65+","U","Black",2
"MI","65+","U","White",6
"MI","65+","U","Unk",1
"MI","Unk","F","Black",1357
"MI","Unk","F","Asian",183
"MI","Unk","F","White",3725
"MI","Unk","F","Latino",235
"MI","Unk","F","Na-Am",6
"MI","Unk","F","Unk",311
"MI","Unk","M","Black",1101
"MI","Unk","M","Asian",189
"MI","Unk","M","White",1846
"MI","Unk","M","Latino",153
"MI","Unk","M","Na-Am",5
"MI","Unk","M","Unk",206
"MI","Unk","U","Black",4
"MI","Unk","U","Asian",2
"MI","Unk","U","White",2
"MT","18-24","F","Black",2
"MT","18-24","F","Asian",4
"MT","18-24","F","White",3846
"MT","18-24","F","Latino",15
"MT","18-24","F","Na-Am",95
"MT","18-24","F","Unk",138
"MT","18-24","M","Black",3
"MT","18-24","M","Asian",3
"MT","18-24","M","White",3431
"MT","18-24","M","Latino",21
"MT","18-24","M","Na-Am",78
"MT","18-24","M","Unk",154
"MT","18-24","U","Black",4
"MT","18-24","U","Asian",1
"MT","18-24","U","White",1765
"MT","18-24","U","Latino",8
"MT","18-24","U","Na-Am",94
"MT","18-24","U","Unk",97
"MT","25-34","F","Black",11
"MT","25-34","F","Asian",11
"MT","25-34","F","White",9344
"MT","25-34","F","Latino",36
"MT","25-34","F","Na-Am",381
"MT","25-34","F","Unk",416
"MT","25-34","M","Black",11
"MT","25-34","M","Asian",7
"MT","25-34","M","White",7407
"MT","25-34","M","Latino",27
"MT","25-34","M","Na-Am",311
"MT","25-34","M","Unk",324
"MT","25-34","U","Black",4
"MT","25-34","U","Asian",6
"MT","25-34","U","White",789
"MT","25-34","U","Latino",4
"MT","25-34","U","Na-Am",85
"MT","25-34","U","Unk",78
"MT","35-49","F","Black",23
"MT","35-49","F","Asian",25
"MT","35-49","F","White",12290
"MT","35-49","F","Latino",58
"MT","35-49","F","Na-Am",635
"MT","35-49","F","Unk",624
"MT","35-49","M","Black",17
"MT","35-49","M","Asian",7
"MT","35-49","M","White",8127
"MT","35-49","M","Latino",45
"MT","35-49","M","Na-Am",476
"MT","35-49","M","Unk",417
"MT","35-49","U","Black",1
"MT","35-49","U","Asian",3
"MT","35-49","U","White",420
"MT","35-49","U","Latino",2
"MT","35-49","U","Na-Am",38
"MT","35-49","U","Unk",49
"MT","50-64","F","Black",28
"MT","50-64","F","Asian",27
"MT","50-64","F","White",13933
"MT","50-64","F","Latino",55
"MT","50-64","F","Na-Am",737
"MT","50-64","F","Unk",685
"MT","50-64","M","Black",22
"MT","50-64","M","Asian",10
"MT","50-64","M","White",8056
"MT","50-64","M","Latino",48
"MT","50-64","M","Na-Am",508
"MT","50-64","M","Unk",404
"MT","50-64","U","Black",5
"MT","50-64","U","White",179
"MT","50-64","U","Latino",2
"MT","50-64","U","Na-Am",15
"MT","50-64","U","Unk",28
"MT","65+","F","Black",36
"MT","65+","F","Asian",24
"MT","65+","F","White",16636
"MT","65+","F","Latino",70
"MT","65+","F","Na-Am",480
"MT","65+","F","Unk",540
"MT","65+","M","Black",37
"MT","65+","M","Asian",21
"MT","65+","M","White",9354
"MT","65+","M","Latino",54
"MT","65+","M","Na-Am",309
"MT","65+","M","Unk",300
"MT","65+","U","Asian",1
"MT","65+","U","White",115
"MT","65+","U","Na-Am",2
"MT","65+","U","Unk",5
"MT","Unk","F","White",176
"MT","Unk","F","Na-Am",5
"MT","Unk","F","Unk",8
"MT","Unk","M","White",131
"MT","Unk","M","Latino",3
"MT","Unk","M","Na-Am",3
"MT","Unk","M","Unk",5
"MT","Unk","U","Black",1
"MT","Unk","U","White",113
"MT","Unk","U","Latino",1
"MT","Unk","U","Na-Am",7
"MT","Unk","U","Unk",4
"NC","18-24","F","Black",53059
"NC","18-24","F","Asian",3160
"NC","18-24","F","White",48070
"NC","18-24","F","Latino",13449
"NC","18-24","F","Na-Am",1460
"NC","18-24","F","Unk",6950
"NC","18-24","M","Black",47442
"NC","18-24","M","Asian",2480
"NC","18-24","M","White",33577
"NC","18-24","M","Latino",10939
"NC","18-24","M","Na-Am",1176
"NC","18-24","M","Unk",5524
"NC","18-24","U","Black",3966
"NC","18-24","U","Asian",133
"NC","18-24","U","White",1953
"NC","18-24","U","Latino",243
"NC","18-24","U","Na-Am",22
"NC","18-24","U","Unk",351
"NC","25-34","F","Black",83335
"NC","25-34","F","Asian",3414
"NC","25-34","F","White",74412
"NC","25-34","F","Latino",10182
"NC","25-34","F","Na-Am",1796
"NC","25-34","F","Unk",6884
"NC","25-34","M","Black",58707
"NC","25-34","M","Asian",2498
"NC","25-34","M","White",51931
"NC","25-34","M","Latino",6841
"NC","25-34","M","Na-Am",1143
"NC","25-34","M","Unk",4855
"NC","25-34","U","Black",1547
"NC","25-34","U","Asian",101
"NC","25-34","U","White",810
"NC","25-34","U","Latino",89
"NC","25-34","U","Na-Am",11
"NC","25-34","U","Unk",205
"NC","35-49","F","Black",109030
"NC","35-49","F","Asian",4234
"NC","35-49","F","White",90218
"NC","35-49","F","Latino",8337
"NC","35-49","F","Na-Am",2724
"NC","35-49","F","Unk",6064
"NC","35-49","M","Black",71714
"NC","35-49","M","Asian",2830
"NC","35-49","M","White",57966
"NC","35-49","M","Latino",5686
"NC","35-49","M","Na-Am",1608
"NC","35-49","M","Unk",4292
"NC","35-49","U","Black",796
"NC","35-49","U","Asian",115
"NC","35-49","U","White",335
"NC","35-49","U","Latino",48
"NC","35-49","U","Na-Am",4
"NC","35-49","U","Unk",110
"NC","50-64","F","Black",115675
"NC","50-64","F","Asian",2851
"NC","50-64","F","White",112802
"NC","50-64","F","Latino",5267
"NC","50-64","F","Na-Am",2681
"NC","50-64","F","Unk",4338
"NC","50-64","M","Black",82571
"NC","50-64","M","Asian",2458
"NC","50-64","M","White",73074
"NC","50-64","M","Latino",4530
"NC","50-64","M","Na-Am",1828
"NC","50-64","M","Unk",3552
"NC","50-64","U","Black",290
"NC","50-64","U","Asian",70
"NC","50-64","U","White",176
"NC","50-64","U","Latino",15
"NC","50-64","U","Na-Am",4
"NC","50-64","U","Unk",52
"NC","65+","F","Black",90271
"NC","65+","F","Asian",1456
"NC","65+","F","White",149716
"NC","65+","F","Latino",2170
"NC","65+","F","Na-Am",2379
"NC","65+","F","Unk",2547
"NC","65+","M","Black",55372
"NC","65+","M","Asian",1298
"NC","65+","M","White",94922
"NC","65+","M","Latino",1756
"NC","65+","M","Na-Am",1559
"NC","65+","M","Unk",2035
"NC","65+","U","Black",136
"NC","65+","U","Asian",30
"NC","65+","U","White",80
"NC","65+","U","Latino",13
"NC","65+","U","Na-Am",5
"NC","65+","U","Unk",24
"NC","Unk","F","Black",4430
"NC","Unk","F","Asian",283
"NC","Unk","F","White",3243
"NC","Unk","F","Latino",1334
"NC","Unk","F","Na-Am",134
"NC","Unk","F","Unk",601
"NC","Unk","M","Black",4247
"NC","Unk","M","Asian",242
"NC","Unk","M","White",2598
"NC","Unk","M","Latino",1248
"NC","Unk","M","Na-Am",125
"NC","Unk","M","Unk",540
"NC","Unk","U","Black",587
"NC","Unk","U","Asian",15
"NC","Unk","U","White",187
"NC","Unk","U","Latino",49
"NC","Unk","U","Na-Am",13
"NC","Unk","U","Unk",48
"NE","18-24","F","Black",264
"NE","18-24","F","Asian",55
"NE","18-24","F","White",6811
"NE","18-24","F","Latino",1050
"NE","18-24","F","Na-Am",16
"NE","18-24","F","Unk",613
"NE","18-24","M","Black",253
"NE","18-24","M","Asian",43
"NE","18-24","M","White",5256
"NE","18-24","M","Latino",780
"NE","18-24","M","Na-Am",10
"NE","18-24","M","Unk",452
"NE","18-24","U","Black",588
"NE","18-24","U","Asian",39
"NE","18-24","U","White",2936
"NE","18-24","U","Latino",288
"NE","18-24","U","Na-Am",14
"NE","18-24","U","Unk",256
"NE","25-34","F","Black",1314
"NE","25-34","F","Asian",78
"NE","25-34","F","White",17096
"NE","25-34","F","Latino",1360
"NE","25-34","F","Na-Am",98
"NE","25-34","F","Unk",1280
"NE","25-34","M","Black",814
"NE","25-34","M","Asian",64
"NE","25-34","M","White",12908
"NE","25-34","M","Latino",928
"NE","25-34","M","Na-Am",56
"NE","25-34","M","Unk",795
"NE","25-34","U","Black",237
"NE","25-34","U","Asian",35
"NE","25-34","U","White",922
"NE","25-34","U","Latino",80
"NE","25-34","U","Na-Am",12
"NE","25-34","U","Unk",169
"NE","35-49","F","Black",1906
"NE","35-49","F","Asian",101
"NE","35-49","F","White",27538
"NE","35-49","F","Latino",1698
"NE","35-49","F","Na-Am",129
"NE","35-49","F","Unk",1531
"NE","35-49","M","Black",1155
"NE","35-49","M","Asian",91
"NE","35-49","M","White",19191
"NE","35-49","M","Latino",1088
"NE","35-49","M","Na-Am",72
"NE","35-49","M","Unk",1001
"NE","35-49","U","Black",148
"NE","35-49","U","Asian",38
"NE","35-49","U","White",635
"NE","35-49","U","Latino",72
"NE","35-49","U","Na-Am",6
"NE","35-49","U","Unk",142
"NE","50-64","F","Black",1983
"NE","50-64","F","Asian",71
"NE","50-64","F","White",31866
"NE","50-64","F","Latino",1303
"NE","50-64","F","Na-Am",142
"NE","50-64","F","Unk",1096
"NE","50-64","M","Black",1286
"NE","50-64","M","Asian",61
"NE","50-64","M","White",21699
"NE","50-64","M","Latino",1385
"NE","50-64","M","Na-Am",68
"NE","50-64","M","Unk",850
"NE","50-64","U","Black",66
"NE","50-64","U","Asian",18
"NE","50-64","U","White",302
"NE","50-64","U","Latino",40
"NE","50-64","U","Na-Am",1
"NE","50-64","U","Unk",67
"NE","65+","F","Black",1638
"NE","65+","F","Asian",63
"NE","65+","F","White",38613
"NE","65+","F","Latino",736
"NE","65+","F","Na-Am",84
"NE","65+","F","Unk",742
"NE","65+","M","Black",923
"NE","65+","M","Asian",69
"NE","65+","M","White",25174
"NE","65+","M","Latino",722
"NE","65+","M","Na-Am",39
"NE","65+","M","Unk",579
"NE","65+","U","Black",15
"NE","65+","U","Asian",11
"NE","65+","U","White",135
"NE","65+","U","Latino",25
"NE","65+","U","Unk",20
"NE","Unk","F","Black",10
"NE","Unk","F","Asian",5
"NE","Unk","F","White",553
"NE","Unk","F","Latino",66
"NE","Unk","F","Na-Am",1
"NE","Unk","F","Unk",35
"NE","Unk","M","Black",10
"NE","Unk","M","White",320
"NE","Unk","M","Latino",55
"NE","Unk","M","Unk",36
"NE","Unk","U","Black",37
"NE","Unk","U","Asian",5
"NE","Unk","U","White",307
"NE","Unk","U","Latino",27
"NE","Unk","U","Unk",24
"WI","18-24","F","Black",1204
"WI","18-24","F","Asian",157
"WI","18-24","F","White",11071
"WI","18-24","F","Latino",1030
"WI","18-24","F","Na-Am",40
"WI","18-24","F","Unk",828
"WI","18-24","M","Black",867
"WI","18-24","M","Asian",107
"WI","18-24","M","White",6468
"WI","18-24","M","Latino",645
"WI","18-24","M","Na-Am",28
"WI","18-24","M","Unk",466
"WI","18-24","U","Black",1901
"WI","18-24","U","Asian",245
"WI","18-24","U","White",3143
"WI","18-24","U","Latino",321
"WI","18-24","U","Na-Am",19
"WI","18-24","U","Unk",486
"WI","25-34","F","Black",7517
"WI","25-34","F","Asian",797
"WI","25-34","F","White",64275
"WI","25-34","F","Latino",2681
"WI","25-34","F","Na-Am",258
"WI","25-34","F","Unk",3652
"WI","25-34","M","Black",4343
"WI","25-34","M","Asian",570
"WI","25-34","M","White",38649
"WI","25-34","M","Latino",1469
"WI","25-34","M","Na-Am",117
"WI","25-34","M","Unk",1953
"WI","25-34","U","Black",2480
"WI","25-34","U","Asian",623
"WI","25-34","U","White",4462
"WI","25-34","U","Latino",282
"WI","25-34","U","Na-Am",24
"WI","25-34","U","Unk",1046
"WI","35-49","F","Black",15637
"WI","35-49","F","Asian",1334
"WI","35-49","F","White",103997
"WI","35-49","F","Latino",5036
"WI","35-49","F","Na-Am",496
"WI","35-49","F","Unk",7034
"WI","35-49","M","Black",9570
"WI","35-49","M","Asian",1009
"WI","35-49","M","White",62750
"WI","35-49","M","Latino",3320
"WI","35-49","M","Na-Am",309
"WI","35-49","M","Unk",4081
"WI","35-49","U","Black",2853
"WI","35-49","U","Asian",704
"WI","35-49","U","White",4963
"WI","35-49","U","Latino",533
"WI","35-49","U","Na-Am",29
"WI","35-49","U","Unk",1268
"WI","50-64","F","Black",15754
"WI","50-64","F","Asian",1229
"WI","50-64","F","White",121722
"WI","50-64","F","Latino",4192
"WI","50-64","F","Na-Am",634
"WI","50-64","F","Unk",5235
"WI","50-64","M","Black",11718
"WI","50-64","M","Asian",1096
"WI","50-64","M","White",72090
"WI","50-64","M","Latino",3546
"WI","50-64","M","Na-Am",384
"WI","50-64","M","Unk",3387
"WI","50-64","U","Black",1407
"WI","50-64","U","Asian",600
"WI","50-64","U","White",3354
"WI","50-64","U","Latino",332
"WI","50-64","U","Na-Am",25
"WI","50-64","U","Unk",785
"WI","65+","F","Black",11664
"WI","65+","F","Asian",616
"WI","65+","F","White",121401
"WI","65+","F","Latino",2033
"WI","65+","F","Na-Am",487
"WI","65+","F","Unk",3214
"WI","65+","M","Black",8167
"WI","65+","M","Asian",565
"WI","65+","M","White",73080
"WI","65+","M","Latino",1797
"WI","65+","M","Na-Am",304
"WI","65+","M","Unk",2085
"WI","65+","U","Black",821
"WI","65+","U","Asian",216
"WI","65+","U","White",1535
"WI","65+","U","Latino",136
"WI","65+","U","Na-Am",20
"WI","65+","U","Unk",309
"WI","Unk","F","Black",4595
"WI","Unk","F","Asian",632
"WI","Unk","F","White",57922
"WI","Unk","F","Latino",3360
"WI","Unk","F","Na-Am",310
"WI","Unk","F","Unk",4945
"WI","Unk","M","Black",4217
"WI","Unk","M","Asian",462
"WI","Unk","M","White",40623
"WI","Unk","M","Latino",2619
"WI","Unk","M","Na-Am",225
"WI","Unk","M","Unk",3522
"WI","Unk","U","Black",4442
"WI","Unk","U","Asian",956
"WI","Unk","U","White",13850
"WI","Unk","U","Latino",1112
"WI","Unk","U","Na-Am",114
"WI","Unk","U","Unk",2836